,Date,Open,High,Low,Close,Volume,SMA_20,RSI_14,MACD,MACD_Signal
0,2023-08-07 04:00:00,15.02,15.2,14.38,14.82,53768446.0,,,0.0,0.0
1,2023-08-08 04:00:00,13.95,14.17,13.73,14.07,63081147.0,,,-0.059829059829059617,-0.011965811965811923
2,2023-08-09 04:00:00,13.945,14.12,13.2141,13.46,57706699.0,,,-0.15468283536659477,-0.040509216645968495
3,2023-08-10 04:00:00,13.61,13.97,13.19,13.25,55642979.0,,,-0.2439878408690337,-0.08120494149058154
4,2023-08-11 04:00:00,12.77,13.01,12.551,12.9,54695740.0,,,-0.3390958897285632,-0.13278313113817786
5,2023-08-14 04:00:00,12.4,12.555,11.94,12.52,67398246.0,,,-0.44005979251333827,-0.19423846341320994
6,2023-08-15 04:00:00,12.26,12.34,11.55,11.83,71428643.0,,,-0.5691903739827389,-0.26922884552711573
7,2023-08-16 04:00:00,11.18,11.76,11.15,11.4,59478353.0,,,-0.6981765517837477,-0.35501838677844216
8,2023-08-17 04:00:00,11.91,12.405,11.47,11.5,73315610.0,,,-0.783300462576177,-0.44067480193798914
9,2023-08-18 04:00:00,10.95,11.15,10.62,10.67,68527020.0,,,-0.9072773104896061,-0.5339953036483125
10,2023-08-21 04:00:00,10.73,11.17,10.535,10.95,54080133.0,,,-0.9717346436355747,-0.6215431716457649
11,2023-08-22 04:00:00,11.29,11.33,10.5304,10.79,43691859.0,,,-1.0239250369136332,-0.7020195446993386
12,2023-08-23 04:00:00,10.56,11.0,10.5,10.84,30404955.0,,,-1.0491576807991372,-0.7714471719192983
13,2023-08-24 04:00:00,10.96,11.11,10.615,10.64,27131735.0,,8.531746031746025,-1.0729250493043114,-0.8317427473963009
14,2023-08-25 04:00:00,10.58,10.8691,10.48,10.83,31534242.0,,11.854684512428278,-1.0641624457194272,-0.8782266870609262
15,2023-08-28 04:00:00,11.05,11.13,10.7,11.02,41943223.0,,17.34475374732331,-1.0300132554951507,-0.9085840007477711
16,2023-08-29 04:00:00,10.3,10.94,9.46,10.89,124332166.0,,19.331742243436736,-1.0018905195018295,-0.9272453044985829
17,2023-08-30 04:00:00,10.43,10.79,10.39,10.67,46265633.0,,19.285714285714263,-0.9859893386580367,-0.9389941113304736
18,2023-08-31 04:00:00,10.73,10.8,10.26,10.27,51094253.0,,19.058823529411754,-0.9942036347073948,-0.9500360160058579
19,2023-09-01 04:00:00,10.53,11.35,10.5,11.0,77014589.0,11.716,33.47826086956522,-0.93107576255567,-0.9462439653158203
20,2023-09-05 04:00:00,10.73,11.18,10.72,10.81,37911836.0,11.5155,37.5609756097561,-0.8861627486184975,-0.9342277219763558
21,2023-09-06 04:00:00,10.71,10.91,10.47,10.58,31426073.0,11.341000000000001,39.48717948717948,-0.8592233474014126,-0.9192268470613673
22,2023-09-07 04:00:00,10.17,10.27,9.93,10.08,44603828.0,11.172,33.488372093023244,-0.8682112997538258,-0.9090237375998591
23,2023-09-08 04:00:00,10.06,10.15,9.92,10.04,26236138.0,11.011500000000002,41.02564102564101,-0.8685498800897165,-0.9009289660978306
24,2023-09-11 04:00:00,10.39,10.43,10.02,10.33,31145664.0,10.883,41.193181818181834,-0.8357832421182394,-0.8878998213019124
25,2023-09-12 04:00:00,10.23,10.88,10.21,10.57,38296977.0,10.785499999999999,46.944444444444464,-0.7814414802645935,-0.8666081530944486
26,2023-09-13 04:00:00,10.2,10.47,10.06,10.07,36890018.0,10.697500000000002,40.49382716049384,-0.7698467496924817,-0.8472558724140552
27,2023-09-14 04:00:00,10.15,10.38,10.135,10.38,26475948.0,10.6465,46.87500000000001,-0.7272600320112836,-0.823256704333501
28,2023-09-15 04:00:00,10.53,10.72,10.29,10.43,40105904.0,10.593,45.02487562189054,-0.6816179024090783,-0.7949289439486165
29,2023-09-18 04:00:00,10.37,10.47,10.215,10.31,22615008.0,10.575,41.012658227848114,-0.6476633233485547,-0.7654758198286041
30,2023-09-19 04:00:00,9.54,9.6,8.41,8.55,215935823.0,10.455,29.032258064516128,-0.7540788147017228,-0.763196418803228
31,2023-09-20 04:00:00,8.76,9.06,8.67,8.82,122782117.0,10.3565,33.57015985790409,-0.8073208228593121,-0.7720212996144449
32,2023-09-21 04:00:00,8.45,8.62,8.35,8.45,49441391.0,10.237,33.75,-0.8693500791325324,-0.7914870555180624
33,2023-09-22 04:00:00,8.74,8.795,8.45,8.53,36245149.0,10.1315,25.050505050505052,-0.9016596094989318,-0.8135215663142363
34,2023-09-25 04:00:00,8.07,8.45,7.93,8.35,56326955.0,10.0075,25.10121457489879,-0.9310569952902803,-0.8370286521094452
35,2023-09-26 04:00:00,8.15,8.58,7.925,8.41,42481589.0,9.876999999999999,27.253668763102738,-0.9386924742403089,-0.857361416535618
36,2023-09-27 04:00:00,8.38,8.51,8.3,8.46,24089856.0,9.755500000000001,31.25000000000003,-0.9299887329704983,-0.871886879822594
37,2023-09-28 04:00:00,8.37,8.99,8.36,8.91,55093424.0,9.6675,38.054968287526435,-0.8766739643634338,-0.8728442967307621
38,2023-09-29 04:00:00,9.11,9.22,8.8648,9.04,40994082.0,9.606,35.88621444201311,-0.8145421773993409,-0.861183872864478
39,2023-10-02 04:00:00,8.9,9.0,8.7,8.79,38390578.0,9.4955,30.567685589519627,-0.7765239149357424,-0.8442518812787309
40,2023-10-03 04:00:00,8.55,8.76,8.54,8.61,27185726.0,9.3855,32.863849765258195,-0.7522472259407778,-0.8258509502111402
41,2023-10-04 04:00:00,8.51,8.85,8.48,8.83,28056873.0,9.297999999999998,31.414868105515566,-0.7071045525009545,-0.8021016706691031
42,2023-10-05 04:00:00,8.67,8.71,8.51,8.66,21933488.0,9.227,29.370629370629374,-0.6772394430822768,-0.7771292251517379
43,2023-10-06 04:00:00,8.49,8.75,8.46,8.72,23335960.0,9.161,31.20567375886526,-0.6413366998843699,-0.7499707200982644
44,2023-10-09 04:00:00,8.51,8.535,8.11,8.34,39704416.0,9.0615,46.3157894736842,-0.6362124800012889,-0.7272190720788694
45,2023-10-10 04:00:00,8.35,8.88,8.35,8.83,42385734.0,8.9745,50.1628664495114,-0.5858591740529917,-0.6989470924736939
46,2023-10-11 04:00:00,8.95,9.19,8.9,8.97,34029928.0,8.9195,59.154929577464806,-0.5285640292324967,-0.6648704798254544
47,2023-10-12 04:00:00,8.88,8.97,8.38,8.44,37144128.0,8.8225,48.632218844984806,-0.5199303513334463,-0.6358824541270528
48,2023-10-13 04:00:00,8.4,8.55,8.27,8.47,28408518.0,8.724499999999999,51.91082802547772,-0.5048477791751207,-0.6096755191366665
49,2023-10-16 04:00:00,8.37,8.53,8.245,8.52,24550097.0,8.635000000000002,51.75718849840255,-0.48328909410320975,-0.5843982341299752
50,2023-10-17 04:00:00,8.33,8.65,8.29,8.53,18390153.0,8.634,51.132686084142364,-0.46009309760409955,-0.5595372068248001
51,2023-10-18 04:00:00,8.53,8.54,7.865,7.91,51395167.0,8.5885,34.662576687116584,-0.48613505934862467,-0.5448567773295651
52,2023-10-19 04:00:00,7.76,7.88,7.585,7.69,39606103.0,8.5505,29.85074626865675,-0.5185481626031834,-0.5395950543842888
53,2023-10-20 04:00:00,7.52,7.85,7.47,7.58,31787780.0,8.503,31.15264797507791,-0.5468085920749512,-0.5410377619224214
54,2023-10-23 04:00:00,7.49,7.7,7.31,7.59,33550405.0,8.465,33.22368421052634,-0.561920796452263,-0.5452143688283897
55,2023-10-24 04:00:00,7.56,8.12,7.56,8.09,42841661.0,8.449,38.85542168674699,-0.5274711469307594,-0.5416657244488636
56,2023-10-25 04:00:00,7.82,7.85,7.6,7.6,28413837.0,8.406,35.43956043956044,-0.5335579326682627,-0.5400441660927435
57,2023-10-26 04:00:00,7.62,7.8,7.52,7.63,27283563.0,8.342,34.903047091412745,-0.5298531872185173,-0.5380059703178983
58,2023-10-27 04:00:00,7.78,7.81,7.385,7.44,33773480.0,8.262,36.8421052631579,-0.5360690910716404,-0.5376185944686467
59,2023-10-30 04:00:00,7.56,7.64,7.395,7.52,25727706.0,8.1985,28.239202657807297,-0.5284482853603096,-0.5357845326469793
60,2023-10-31 04:00:00,7.34,7.4,7.18,7.3,29679173.0,8.133,22.97734627831713,-0.5340052235025947,-0.5354286708181024
61,2023-11-01 04:00:00,7.31,7.45,7.19,7.45,33335132.0,8.064,31.73431734317343,-0.5203076083889719,-0.5324044583322763
62,2023-11-02 04:00:00,7.72,7.93,7.6905,7.79,43628446.0,8.0205,38.74172185430461,-0.47652392009893685,-0.5212283506856085
63,2023-11-03 04:00:00,8.01,8.3,7.87,8.23,56107384.0,7.9959999999999996,45.74780058651027,-0.4016902734888088,-0.4973207352462486
64,2023-11-06 05:00:00,8.45,8.505,7.86,7.97,43859700.0,7.977499999999999,42.34972677595629,-0.3592229973869827,-0.4697011876743954
65,2023-11-07 05:00:00,7.88,7.9,7.7,7.89,25233503.0,7.9305,49.67948717948717,-0.3282389719808583,-0.441408744535688
66,2023-11-08 05:00:00,7.81,8.0,7.675,7.92,37957625.0,7.878,53.92491467576791,-0.2978299609420887,-0.41269298781696817
67,2023-11-09 05:00:00,7.82,7.96,7.46,7.47,36134834.0,7.8295,48.318042813455655,-0.30650859946223097,-0.3914561101460208
68,2023-11-10 05:00:00,7.61,7.64,7.16,7.24,39953745.0,7.768000000000001,44.98567335243553,-0.3281627054314349,-0.3787974292031036
69,2023-11-13 05:00:00,7.27,7.43,7.11,7.22,34211248.0,7.703,35.548172757475086,-0.3429838687357236,-0.37163471710962764
70,2023-11-14 05:00:00,7.36,7.635,7.33,7.58,43383083.0,7.655499999999999,49.652777777777786,-0.32196929447286404,-0.36170163258227495
71,2023-11-15 05:00:00,7.64,8.2,7.63,7.94,55973995.0,7.656999999999999,54.82866043613708,-0.2731177699709333,-0.3439848600600066
72,2023-11-16 05:00:00,7.58,7.5913,7.14,7.4,68800066.0,7.6425,49.438202247191015,-0.27480825339567794,-0.3301495387271409
73,2023-11-17 05:00:00,7.4,7.499,7.25,7.39,26852182.0,7.633,48.137535816618914,-0.27379870903163717,-0.3188793727880402
74,2023-11-20 05:00:00,7.68,8.0277,7.6469,7.8,62067268.0,7.6435,56.793478260869556,-0.23718098955517597,-0.30253969614146736
75,2023-11-21 05:00:00,7.62,7.71,7.42,7.51,35697216.0,7.614500000000001,50.785340314136114,-0.22892287897327535,-0.28781633270782897
76,2023-11-22 05:00:00,7.58,7.635,7.3641,7.47,22087947.0,7.608,45.45454545454546,-0.2230349247683865,-0.2748600511199405
77,2023-11-24 05:00:00,7.4,7.48,7.28,7.4,22881083.0,7.596500000000001,36.82539682539684,-0.22146419227431835,-0.2641808793508161
78,2023-11-27 05:00:00,7.31,7.38,7.18,7.19,33857639.0,7.5840000000000005,37.4193548387097,-0.23446188969606752,-0.2582370814198664
79,2023-11-28 05:00:00,7.2,7.26,7.02,7.21,47842465.0,7.5685,38.81578947368422,-0.24037789890460637,-0.2546652449168144
80,2023-11-29 05:00:00,7.29,7.515,7.13,7.18,47706964.0,7.5625,37.82894736842105,-0.24466676197221116,-0.2526655483278938
81,2023-11-30 05:00:00,7.25,7.34,7.13,7.27,45953446.0,7.553500000000001,46.268656716417915,-0.2380592699371764,-0.24974429264975032
82,2023-12-01 05:00:00,7.14,7.26,7.01,7.15,46728485.0,7.5215000000000005,48.24902723735409,-0.23974218335773578,-0.24774387079134744
83,2023-12-04 05:00:00,7.14,7.38,7.03,7.32,53717890.0,7.476000000000001,51.838235294117666,-0.22476734705352808,-0.2431485660437836
84,2023-12-05 05:00:00,7.59,7.96,7.38,7.43,89837096.0,7.449000000000001,46.96356275303643,-0.20169854542426524,-0.23485856191987994
85,2023-12-06 05:00:00,7.65,8.28,7.59,7.75,118989350.0,7.441999999999998,46.09053497942386,-0.15579907354465217,-0.21904666424483438
86,2023-12-07 05:00:00,7.85,7.96,7.43,7.49,63206593.0,7.4205,52.093023255813954,-0.13880320157578474,-0.20299797171102446
87,2023-12-08 05:00:00,7.365,7.57,7.3,7.38,42786187.0,7.4159999999999995,49.777777777777786,-0.132680473377091,-0.18893447204423777
88,2023-12-11 05:00:00,7.49,7.7,7.405,7.68,39418171.0,7.438,47.196261682242984,-0.10243981198635321,-0.17163554003266085
89,2023-12-12 05:00:00,7.59,7.6,7.17,7.27,59007242.0,7.4405,44.69026548672566,-0.11028613355216965,-0.1593656587365626
90,2023-12-13 05:00:00,7.17,7.45,7.05,7.43,57470154.0,7.433,49.159663865546214,-0.10241318169003488,-0.14797516332725708
91,2023-12-14 05:00:00,7.47,8.015,7.46,7.86,94106081.0,7.429,58.394160583941606,-0.06077581847394509,-0.1305352943565947
92,2023-12-15 05:00:00,8.02,8.14,7.74,7.98,71384369.0,7.458,64.90566037735849,-0.017888701213773395,-0.10800597572803043
93,2023-12-18 05:00:00,8.59,8.64,8.23,8.35,131952971.0,7.506,69.0,0.045431845941218185,-0.0773184113941807
94,2023-12-19 05:00:00,8.515,8.9,8.51,8.82,88664037.0,7.557,73.83720930232559,0.13201709689238061,-0.03545130973686844
95,2023-12-20 05:00:00,8.63,8.7,7.92,7.92,105322270.0,7.577499999999999,57.64705882352942,0.12655520408326293,-0.003050006972842169
96,2023-12-21 05:00:00,8.15,8.3091,7.99,8.29,48972682.0,7.6185,62.66666666666665,0.1503493883030922,0.027629872082344704
97,2023-12-22 05:00:00,8.1,8.59,8.08,8.42,56076019.0,7.669500000000001,62.331838565022416,0.17764854245477402,0.057633606156830566
98,2023-12-26 05:00:00,8.77,9.43,8.63,9.33,130928214.0,7.776499999999999,68.06083650190114,0.2696048764202823,0.10002786020952092
99,2023-12-27 05:00:00,9.26,9.33,8.89,9.1,99997199.0,7.871,63.05609284332687,0.3202304386277852,0.14406837589317378
100,2023-12-28 05:00:00,9.16,9.57,9.12,9.43,91988342.0,7.983499999999999,68.51145038167938,0.38256977723904484,0.191768656162348
101,2023-12-29 05:00:00,9.43,9.53,8.95,9.07,74600085.0,8.0735,65.39162112932605,0.39833342113973025,0.23308160915782444
102,2024-01-02 05:00:00,8.93,8.94,8.38,8.42,81640311.0,8.136999999999999,56.33561643835616,0.35429259033668004,0.25732380539359556
103,2024-01-03 05:00:00,8.12,8.56,8.1,8.5,58659343.0,8.196,61.16152450090744,0.3221319099031028,0.270285426295497
104,2024-01-04 05:00:00,8.33,8.465,8.25,8.27,38412269.0,8.238000000000001,57.52688172043011,0.27491619833944014,0.27121158070428564
105,2024-01-05 05:00:00,8.16,8.25,8.03,8.06,40831670.0,8.253499999999999,51.865671641791046,0.21803874684837155,0.26057701393310284
106,2024-01-08 05:00:00,7.86,8.05,7.73,7.93,49933553.0,8.2755,49.53445065176908,0.16062149856507446,0.24058591085949718
107,2024-01-09 05:00:00,7.8,7.84,7.52,7.56,70100947.0,8.2845,42.64432029795159,0.0842903610375334,0.20932680089510444
108,2024-01-10 05:00:00,7.53,7.55,7.31,7.41,54569578.0,8.270999999999999,36.03960396039604,0.011560377378774689,0.1697735161918385
109,2024-01-11 05:00:00,7.57,7.665,7.325,7.4,52385008.0,8.2775,43.750000000000014,-0.04635126654052257,0.1265485596453663
110,2024-01-12 05:00:00,7.26,7.53,7.16,7.17,49034582.0,8.264500000000002,36.06965174129355,-0.10954299591842886,0.07933024853260727
111,2024-01-16 05:00:00,7.04,7.05,6.45,6.55,121078877.0,8.199,29.268292682926827,-0.20726252183082305,0.02201169445992121
112,2024-01-17 05:00:00,6.21,6.42,6.12,6.3,63011767.0,8.115,10.649350649350652,-0.3014044578381876,-0.042671535999700555
113,2024-01-18 05:00:00,6.5,6.54,6.1,6.28,71543532.0,8.0115,11.263736263736277,-0.3733230178685947,-0.10880183237347939
114,2024-01-19 05:00:00,6.16,6.16,5.86,6.06,82433119.0,7.8735,2.2662889518413607,-0.44296493221870126,-0.17563445234252378
115,2024-01-22 05:00:00,5.83,6.17,5.8,5.98,74314672.0,7.7765,2.461538461538467,-0.49886141859307287,-0.2402798455926336
116,2024-01-23 05:00:00,6.4,6.876,6.17,6.21,119010793.0,7.672500000000001,10.954063604240261,-0.5186223532898815,-0.2959483471320832
117,2024-01-24 05:00:00,6.5,6.59,6.01,6.07,76000956.0,7.555,7.958477508650503,-0.5393624320034522,-0.344631164106357
118,2024-01-25 05:00:00,5.91,6.08,5.83,6.04,59221386.0,7.3904999999999985,8.550185873605926,-0.5518583633943859,-0.3860766039639628
119,2024-01-26 05:00:00,6.0,6.15,5.965,6.14,39437580.0,7.2425,12.790697674418581,-0.5473824308557225,-0.4183377693423148
120,2024-01-29 05:00:00,6.08,6.16,5.95,6.14,40118388.0,7.078,13.469387755102005,-0.5376376696832006,-0.442197749410492
121,2024-01-30 05:00:00,6.01,6.04,5.79,5.79,66444755.0,6.914,13.580246913580226,-0.5517961881983684,-0.4641174371680673
122,2024-01-31 05:00:00,5.69,5.86,5.43,5.62,75799329.0,6.773999999999999,13.469387755102005,-0.570162022497164,-0.48532635423388665
123,2024-02-01 05:00:00,5.73,5.915,5.54,5.71,51425374.0,6.6345,16.60079051383397,-0.5708741488281621,-0.5024359131527418
124,2024-02-02 05:00:00,5.56,5.59,5.43,5.54,56919298.0,6.497999999999999,17.004048582995935,-0.5784876478187941,-0.5176462600859524
125,2024-02-05 05:00:00,5.48,5.48,5.3,5.38,45420763.0,6.364,20.895522388059675,-0.59062372084201,-0.532241752237164
126,2024-02-06 05:00:00,5.68,6.05,5.6,6.03,88353582.0,6.269,44.39834024896266,-0.5415494336568702,-0.5341032885211052
127,2024-02-07 05:00:00,5.81,6.0,5.73,5.86,42818439.0,6.183999999999999,41.79687499999999,-0.5104906680997736,-0.5293807644368389
128,2024-02-08 05:00:00,5.82,5.88,5.72,5.82,32055296.0,6.1045,44.95798319327732,-0.4835302031407984,-0.5202106521776309
129,2024-02-09 05:00:00,5.84,5.93,5.75,5.93,25563476.0,6.031,48.96265560165973,-0.44812208725395664,-0.505792939192896
130,2024-02-12 05:00:00,5.91,6.28,5.9,6.08,43673000.0,5.9765,47.21030042918455,-0.40330806953914955,-0.4852959652621468
131,2024-02-13 05:00:00,5.86,5.88,5.65,5.7,52054380.0,5.933999999999999,42.80155642023346,-0.3939146588561613,-0.4670197039809497
132,2024-02-14 05:00:00,5.88,6.015,5.84,6.0,41176843.0,5.919,49.29577464788732,-0.3581344691887933,-0.4452426570225185
133,2024-02-15 05:00:00,6.05,6.29,6.04,6.09,54076743.0,5.9094999999999995,49.11660777385159,-0.3188407653845733,-0.4199622786949294
134,2024-02-16 05:00:00,6.24,6.34,6.09,6.14,41550945.0,5.9135,50.0,-0.28043298302645603,-0.39205641956123477
135,2024-02-20 05:00:00,5.93,6.03,5.79,5.96,39772240.0,5.9125,53.13653136531366,-0.261504572540451,-0.36594605015707804
136,2024-02-21 05:00:00,6.02,6.17,5.9501,5.97,33907151.0,5.900499999999999,56.86274509803922,-0.24289679141847564,-0.3413361984093576
137,2024-02-22 05:00:00,5.97,5.97,5.71,5.85,49536286.0,5.8895,52.713178294573645,-0.23512264049478038,-0.3200934868264422
138,2024-02-23 05:00:00,5.67,5.68,5.37,5.4,75135240.0,5.8575,47.55244755244755,-0.2622497571158764,-0.308524740884329
139,2024-02-26 05:00:00,5.54,5.77,5.5,5.65,60295263.0,5.833,54.576271186440685,-0.2605715749003137,-0.298934107687526
140,2024-02-27 05:00:00,5.81,5.93,5.72,5.78,53722073.0,5.8149999999999995,44.855967078189295,-0.24591691276675043,-0.2883306687033709
141,2024-02-28 05:00:00,5.6,5.61,5.39,5.43,58390485.0,5.797,41.76245210727968,-0.2595530958499497,-0.28257515413268663
142,2024-02-29 05:00:00,5.56,5.79,5.54,5.75,63187133.0,5.8035,48.78892733564014,-0.24175177950943638,-0.27441047920803663
143,2024-03-01 05:00:00,5.73,5.84,5.675,5.78,39578617.0,5.807,47.33096085409254,-0.22265671081519578,-0.2640597255294685
144,2024-03-04 05:00:00,5.58,5.61,5.25,5.33,94153276.0,5.7965,37.942122186495176,-0.24105622439303875,-0.25945902530218257
145,2024-03-05 05:00:00,5.17,5.62,4.78,5.48,94784649.0,5.8015,46.180555555555564,-0.24075890626293805,-0.2557190014943337
146,2024-03-06 05:00:00,5.39,5.88,5.38,5.77,77698767.0,5.788500000000001,45.99303135888501,-0.21464837033464867,-0.2475048752623967
147,2024-03-07 05:00:00,5.665,5.79,5.47,5.77,46370273.0,5.784000000000001,44.24460431654676,-0.19174526246679147,-0.23635295270327566
148,2024-03-08 05:00:00,5.78,5.915,5.66,5.8,39080174.0,5.7829999999999995,43.84057971014493,-0.16922293849662573,-0.22292694986194567
149,2024-03-11 04:00:00,5.92,6.23,5.88,6.1,64025253.0,5.7915,52.43055555555556,-0.1257171526112062,-0.2034849904117978
150,2024-03-12 04:00:00,6.19,6.3,6.09,6.19,38392937.0,5.797,53.716216216216225,-0.08301926164557916,-0.17939184465855407
151,2024-03-13 04:00:00,6.08,6.2699,5.91,5.92,42657898.0,5.808,51.12540192926046,-0.07015887115518105,-0.15754524995787947
152,2024-03-14 04:00:00,5.82,5.82,5.54,5.58,42679883.0,5.787000000000001,53.0,-0.08640604246720329,-0.14331740845974425
153,2024-03-15 04:00:00,5.71,5.76,5.57,5.58,33811132.0,5.7615,48.72727272727272,-0.09815062349551518,-0.13428405146689842
154,2024-03-18 04:00:00,5.83,5.86,5.48,5.54,48581873.0,5.7315,45.48872180451128,-0.1094245758852681,-0.12931215635057236
155,2024-03-19 04:00:00,5.485,5.49,5.13,5.19,77042860.0,5.693,45.48872180451129,-0.1449306687731342,-0.13243585883508474
156,2024-03-20 04:00:00,5.11,5.14,5.04,5.1,59385474.0,5.649500000000001,36.62551440329218,-0.1782766883431366,-0.14160402473669512
157,2024-03-21 04:00:00,5.06,5.1,4.96,5.0,46800086.0,5.607,34.400000000000006,-0.21034805195674977,-0.15535283018070606
158,2024-03-22 04:00:00,4.93,4.96,4.8,4.89,43658296.0,5.5815,39.81481481481481,-0.24185298866876348,-0.17265286187831755
159,2024-03-25 04:00:00,4.92,5.09,4.89,4.91,56419441.0,5.5445,35.960591133004925,-0.26218474263209224,-0.1905592380290725
160,2024-03-26 04:00:00,4.9,4.92,4.77,4.78,83744681.0,5.4945,23.529411764705927,-0.28549668955342344,-0.2095467283339427
161,2024-03-27 04:00:00,4.63,4.73,4.45,4.67,85346537.0,5.4565,22.22222222222227,-0.3092824406792136,-0.22949387080299688
162,2024-03-28 04:00:00,4.68,4.74,4.48,4.5,55938542.0,5.394,19.33962264150948,-0.33795466802073904,-0.2511860302465453
163,2024-04-01 04:00:00,4.63,4.75,4.565,4.64,42632696.0,5.337000000000001,12.755102040816354,-0.34539923738494593,-0.27002867167422545
164,2024-04-02 04:00:00,4.47,4.58,4.38,4.54,38932682.0,5.297499999999999,8.121827411167516,-0.355272911532003,-0.287077519645781
165,2024-04-03 04:00:00,4.46,4.51,4.36,4.49,33078467.0,5.248,9.142857142857153,-0.36294860596024403,-0.30225173690867363
166,2024-04-04 04:00:00,4.55,4.75,4.49,4.5,53856513.0,5.1845,11.971830985915489,-0.3640284394187203,-0.314607077410683
167,2024-04-05 04:00:00,4.5,4.58,4.38,4.39,43081002.0,5.1155,11.111111111111114,-0.36950091931446405,-0.32558584579143923
168,2024-04-08 04:00:00,4.41,4.53,4.37,4.37,47453507.0,5.044,11.258278145695371,-0.37117307969643587,-0.3347032925724386
169,2024-04-09 04:00:00,4.43,4.79,4.42,4.71,76665950.0,4.974500000000001,33.999999999999986,-0.34113077709317796,-0.33598878947658645
170,2024-04-10 04:00:00,4.58,4.69,4.54,4.59,32567955.0,4.8945,33.33333333333333,-0.32327847987303837,-0.33344672755587684
171,2024-04-11 04:00:00,4.6,4.61,4.43,4.46,39040165.0,4.8215,32.69230769230769,-0.31597792245129863,-0.32995296653496126
172,2024-04-12 04:00:00,4.35,4.35,4.085,4.11,74932096.0,4.747999999999999,28.33333333333333,-0.334577452420576,-0.3308778637120842
173,2024-04-15 04:00:00,4.19,4.19,3.8201,3.89,70661317.0,4.6635,24.499999999999986,-0.3628867428247622,-0.33727963953461987
174,2024-04-16 04:00:00,3.75,3.91,3.71,3.81,42222200.0,4.577,25.12820512820511,-0.38731269122889866,-0.34728624987347567
175,2024-04-17 04:00:00,3.865,3.96,3.84,3.91,38730961.0,4.513,30.412371134020617,-0.39405880247169733,-0.35664076039312004
176,2024-04-18 04:00:00,3.9,4.09,3.85,4.0,38392131.0,4.458,36.559139784946225,-0.38767403147991075,-0.3628474146104782
177,2024-04-19 04:00:00,3.86,3.92,3.78,3.8,35883783.0,4.398,28.125,-0.39420819629854,-0.36911957094809056
178,2024-04-22 04:00:00,3.68,4.05,3.61,4.0,60179617.0,4.3534999999999995,36.633663366336634,-0.37888073914734033,-0.37107180458794053
179,2024-04-23 04:00:00,3.99,4.13,3.98,4.01,41987837.0,4.3085,37.87878787878787,-0.36175659762833945,-0.36920876319602036
180,2024-04-24 04:00:00,4.15,4.22,4.05,4.15,34522025.0,4.276999999999999,41.70616113744077,-0.33304957395814405,-0.3619769253484451
181,2024-04-25 04:00:00,4.05,4.17,4.03,4.13,25888388.0,4.25,43.56435643564357,-0.30835832095205706,-0.3512532044691675
182,2024-04-26 04:00:00,4.43,4.54,4.39,4.49,59177080.0,4.249499999999999,52.54237288135593,-0.25678131850054164,-0.33235882727544236
183,2024-04-29 04:00:00,4.67,4.68,4.47,4.6,56379782.0,4.2475,47.41784037558685,-0.20467077448866444,-0.30682121671808676
184,2024-04-30 04:00:00,4.7,4.75,4.51,4.72,52936247.0,4.256500000000001,53.051643192488264,-0.151938345140457,-0.27584464240256085
185,2024-05-01 04:00:00,4.76,5.44,4.74,5.27,148038876.0,4.2955,65.88235294117646,-0.06501762875493267,-0.23367923967303522
186,2024-05-02 04:00:00,5.61,5.67,5.17,5.59,99532818.0,4.35,79.36507936507934,0.029350654780790464,-0.1810732607822701
187,2024-05-03 04:00:00,5.525,5.58,5.33,5.57,54697737.0,4.409,86.20689655172413,0.10135599766740278,-0.12458740909233554
188,2024-05-06 04:00:00,5.75,6.04,5.57,5.69,75633393.0,4.475,89.83050847457626,0.16618803556811113,-0.06643232016024621
189,2024-05-07 04:00:00,5.54,5.83,5.46,5.51,43754080.0,4.515,82.78688524590162,0.20072951215051127,-0.012999953698094716
190,2024-05-08 04:00:00,5.25,5.28,5.11,5.22,54908672.0,4.5465,73.1060606060606,0.2023705036364314,0.030074137768810506
191,2024-05-09 04:00:00,5.37,5.41,5.23,5.33,34679735.0,4.59,79.99999999999999,0.21012489293581105,0.06608428880221062
192,2024-05-10 04:00:00,5.28,5.35,5.0317,5.07,49019552.0,4.638,70.49808429118774,0.19306494275229635,0.09148041959222777
193,2024-05-13 04:00:00,5.2,5.66,5.16,5.41,76621098.0,4.714,73.8095238095238,0.20462122175094066,0.11410858002397037
194,2024-05-14 04:00:00,5.51,5.85,5.455,5.79,80661006.0,4.813,75.78616352201257,0.24165681103191972,0.13961822622556025
195,2024-05-15 04:00:00,6.0,6.05,5.21,5.33,112034621.0,4.884,66.57458563535911,0.23122421789272174,0.15793942455899257
196,2024-05-16 04:00:00,5.37,5.46,5.22,5.26,41788865.0,4.947,61.561561561561554,0.2148314544031189,0.16931783052781785
197,2024-05-17 04:00:00,5.28,5.39,5.04,5.28,58708428.0,5.021,60.49382716049384,0.20113534107761133,0.17568133263777655
198,2024-05-20 04:00:00,5.25,5.32,5.1,5.22,47706058.0,5.082,57.86163522012578,0.18332630253395,0.17721032661701125
199,2024-05-21 04:00:00,5.19,5.5399,5.14,5.25,75042175.0,5.144,49.62406015037595,0.16967732586830042,0.1757037264672691
200,2024-05-22 04:00:00,5.26,5.31,5.14,5.24,36743181.0,5.1985,42.553191489361716,0.15625231764457848,0.17181344470273097
201,2024-05-23 04:00:00,5.12,5.13,4.71,4.8,79112841.0,5.232,36.10108303249098,0.10885378051608274,0.15922151186540132
202,2024-05-24 04:00:00,4.81,4.92,4.77,4.83,32325257.0,5.2490000000000006,33.95522388059703,0.07287083797363092,0.14195137708704725
203,2024-05-28 04:00:00,4.97,5.01,4.83,4.9,46519662.0,5.263999999999999,38.13229571984438,0.04943268255748112,0.12344763818113402
204,2024-05-29 04:00:00,4.82,5.0,4.81,4.93,37706247.0,5.2745,43.722943722943725,0.032899282358987314,0.10533796701670468
205,2024-05-30 04:00:00,4.95,5.44,4.93,5.4,69440020.0,5.281000000000001,51.31086142322098,0.05706372058114706,0.09568311772959318
206,2024-05-31 04:00:00,5.27,5.52,5.26,5.39,63176619.0,5.270999999999999,56.61157024793386,0.07454795314174412,0.09145608481202336
207,2024-06-03 04:00:00,5.54,5.63,5.19,5.34,53566741.0,5.2595,48.35680751173708,0.08340827263347439,0.08984652237631358
208,2024-06-04 04:00:00,5.31,5.37,5.2,5.21,29404534.0,5.2355,34.5744680851064,0.07902922639328036,0.08768306317970694
209,2024-06-05 04:00:00,5.33,5.35,5.15,5.27,49656079.0,5.2235,47.972972972972954,0.07948405653109614,0.08604326184998477
210,2024-06-06 04:00:00,4.95,5.0,4.74,4.91,84453807.0,5.208,40.112994350282506,0.050216654997692345,0.07887794047952629
211,2024-06-07 04:00:00,4.82,4.96,4.8,4.83,34658602.0,5.183,37.70491803278688,0.020332318696618223,0.06716881612294469
212,2024-06-10 04:00:00,4.82,4.85,4.67,4.72,38316347.0,5.1655,36.70212765957447,-0.012087971211022008,0.05131745865615135
213,2024-06-11 04:00:00,4.79,4.8,4.35,4.46,66199175.0,5.118,31.279620853080573,-0.05809146932998743,0.029435673058923594
214,2024-06-12 04:00:00,4.47,4.625,4.31,4.45,62311432.0,5.051,31.279620853080573,-0.09426980581259681,0.004694577284619514
215,2024-06-13 04:00:00,4.47,4.61,4.4,4.41,27306325.0,5.005,38.59649122807019,-0.12473123974270273,-0.021190586120844936
216,2024-06-14 04:00:00,4.36,4.38,4.29,4.33,23556994.0,4.9585,35.79545454545453,-0.1535573633091083,-0.04766394155849761
217,2024-06-17 04:00:00,4.32,4.48,4.235,4.43,31751380.0,4.9159999999999995,36.87150837988824,-0.1664147836154477,-0.07141410996988763
218,2024-06-18 04:00:00,4.355,4.47,4.32,4.43,28884896.0,4.8765,35.79545454545453,-0.174591796292888,-0.09204964723448772
219,2024-06-20 04:00:00,4.37,4.45,4.25,4.33,28737152.0,4.8305,11.510791366906432,-0.18698584558384024,-0.11103688690435823
220,2024-06-21 04:00:00,4.31,4.3498,4.2402,4.3,22036714.0,4.7835,11.347517730496406,-0.19695855262850337,-0.12822122004918726
221,2024-06-24 04:00:00,4.3,4.53,4.29,4.44,28749721.0,4.7655,20.0,-0.1913592940153075,-0.1408488348424113
222,2024-06-25 04:00:00,4.4,4.43,4.32,4.37,23318423.0,4.7425,20.83333333333333,-0.19037572337516462,-0.15075421254896199
223,2024-06-26 04:00:00,4.38,4.68,4.335,4.64,53248083.0,4.7295,30.909090909090907,-0.16589713414570717,-0.15378279686831103
224,2024-06-27 04:00:00,4.57,4.58,4.37,4.39,37306080.0,4.7025,33.1168831168831,-0.16477120658250488,-0.15598047881114982
225,2024-06-28 04:00:00,4.35,4.36,4.14,4.16,47669527.0,4.640499999999999,30.1775147928994,-0.18035891340241772,-0.16085616572940342
226,2024-07-01 04:00:00,4.35,4.51,4.25,4.44,55633161.0,4.592999999999999,42.4731182795699,-0.1681799496470502,-0.16232092251293279
227,2024-07-02 04:00:00,4.45,4.54,4.38,4.53,35412308.0,4.5525,52.07100591715977,-0.1495419586746456,-0.15976512974527535
228,2024-07-03 04:00:00,4.59,5.04,4.59,4.87,72459848.0,4.5355,60.396039603960396,-0.10611285510738089,-0.14903467481769647
229,2024-07-05 04:00:00,4.725,4.75,4.405,4.62,61604007.0,4.503,54.708520179372194,-0.09082096080132107,-0.1373919320144214
230,2024-07-08 04:00:00,4.54,4.61,4.44,4.46,39272450.0,4.4805,52.81385281385281,-0.0905686679882951,-0.12802727920919615
231,2024-07-09 04:00:00,4.47,4.54,4.42,4.5,27018324.0,4.464,51.555555555555564,-0.08614799791554528,-0.11965142295046599
232,2024-07-10 04:00:00,4.51,4.77,4.5,4.62,43456568.0,4.4590000000000005,54.0084388185654,-0.07213011682817072,-0.11014716172600694
233,2024-07-11 04:00:00,4.79,4.8,4.6,4.68,56422755.0,4.47,57.51072961373389,-0.055539126040875963,-0.09922555458898075
234,2024-07-12 04:00:00,4.71,4.92,4.7,4.87,51797736.0,4.491,61.44578313253012,-0.02675086686517858,-0.08473061704422032
235,2024-07-15 04:00:00,4.81,4.81,4.53,4.63,58503295.0,4.502,53.66795366795367,-0.023036408914245854,-0.07239177541822542
236,2024-07-16 04:00:00,4.62,4.92,4.62,4.9,50004834.0,4.5305,59.49820788530466,0.0016747636560205947,-0.05757846760337622
237,2024-07-17 04:00:00,4.83,4.865,4.55,4.59,54980517.0,4.538500000000001,49.11660777385159,-0.003713061408938678,-0.046805386364488714
238,2024-07-18 04:00:00,4.63,4.71,4.51,4.54,36332685.0,4.544,52.85171102661597,-0.011880581771412047,-0.03982042544587338
239,2024-07-19 04:00:00,4.51,4.515,4.41,4.46,22403649.0,4.5505,56.048387096774185,-0.024526011322962837,-0.03676154262129127
240,2024-07-22 04:00:00,4.63,4.7,4.58,4.69,34131522.0,4.57,55.14403292181069,-0.015806322096138636,-0.032570498516260746
241,2024-07-23 04:00:00,4.58,4.5983,4.47,4.48,37498742.0,4.572000000000001,49.01960784313726,-0.02554666447288767,-0.031165731707586134
242,2024-07-24 04:00:00,4.39,4.42,4.26,4.3,43266712.0,4.5685,38.07531380753138,-0.04724583112734493,-0.03438175159153789
243,2024-07-25 04:00:00,4.39,4.44,4.27,4.27,40111284.0,4.55,41.93548387096774,-0.06610135108593873,-0.04072567149041806
244,2024-07-26 04:00:00,4.31,4.43,4.24,4.43,32103355.0,4.5520000000000005,49.30875576036866,-0.0673573698445411,-0.04605201116124267
245,2024-07-29 04:00:00,4.44,4.47,4.3,4.39,33918318.0,4.5635,47.465437788018434,-0.07076470796202639,-0.050994550521399416
246,2024-07-30 04:00:00,4.34,4.44,4.31,4.42,41983821.0,4.5625,45.19230769230769,-0.07023467705165753,-0.05484257582745104
247,2024-07-31 04:00:00,4.5,4.615,4.43,4.44,33546763.0,4.558000000000001,44.11764705882355,-0.06742357389337172,-0.05735877544063518
248,2024-08-01 04:00:00,4.45,4.45,3.99,4.06,88261528.0,4.5175,31.838565022421548,-0.09476617314094504,-0.06484025498069716
249,2024-08-02 04:00:00,3.95,4.25,3.93,4.05,39936769.0,4.489,35.50000000000003,-0.11590620191735201,-0.07505344436802813
250,2024-08-05 04:00:00,3.74,3.97,3.66,3.89,53237042.0,4.460500000000001,23.28042328042332,-0.14391156689126294,-0.08882506887267509
251,2024-08-06 04:00:00,3.9,3.92,3.76,3.77,37777500.0,4.424,25.882352941176507,-0.17378572387206148,-0.10581719987255236
252,2024-08-07 04:00:00,3.81,3.91,3.67,3.67,33486287.0,4.3765,25.142857142857167,-0.2031881463057692,-0.12529138915919574
253,2024-08-08 04:00:00,3.73,3.89,3.63,3.82,35671049.0,4.3335,32.41758241758242,-0.2119428858614576,-0.14262168849964812
254,2024-08-09 04:00:00,3.8,3.885,3.75,3.78,25866108.0,4.279,22.08588957055217,-0.21957759194227844,-0.1580128691881742
255,2024-08-12 04:00:00,3.8,3.83,3.74,3.76,20645494.0,4.2355,25.000000000000014,-0.2246523321259164,-0.17134076177572263
256,2024-08-13 04:00:00,3.77,3.91,3.7607,3.89,29584604.0,4.1850000000000005,35.251798561151105,-0.21569775725981,-0.1802121608725401
257,2024-08-14 04:00:00,3.915,3.925,3.71,3.72,37694790.0,4.1415,32.026143790849716,-0.21978522416232105,-0.1881267735304963
258,2024-08-15 04:00:00,3.79,3.87,3.78,3.83,28523146.0,4.106,29.72972972972977,-0.21170805180203978,-0.192843029184805
259,2024-08-16 04:00:00,3.84,3.98,3.83,3.95,28728693.0,4.0805,35.897435897435926,-0.19339450591518625,-0.19295332453088127
260,2024-08-19 04:00:00,4.03,4.105,4.03,4.07,23455073.0,4.0495,39.393939393939405,-0.1672697106372789,-0.1878166017521608
261,2024-08-20 04:00:00,4.12,4.17,3.83,3.85,43921558.0,4.018,34.05405405405405,-0.16244521621000363,-0.1827423246437294
262,2024-08-21 04:00:00,3.93,4.0,3.83,3.99,25739184.0,4.0024999999999995,47.826086956521756,-0.14564602295547147,-0.17532306430607783
263,2024-08-22 04:00:00,4.01,4.05,3.92,3.99,25826801.0,3.9884999999999997,48.125000000000014,-0.130824478121232,-0.16642334706910866
264,2024-08-23 04:00:00,4.03,4.13,3.99,4.08,25913392.0,3.971,56.20915032679738,-0.11054179224687122,-0.1552470361046612
265,2024-08-26 04:00:00,4.06,4.1,3.98,4.03,25776183.0,3.9530000000000003,58.9041095890411,-0.09737966750488614,-0.1436735623847062
266,2024-08-27 04:00:00,4.075,4.1,3.96,4.0,24654729.0,3.932000000000001,61.8705035971223,-0.08835088410299052,-0.13260902672836306
267,2024-08-28 04:00:00,3.96,4.0,3.68,3.7,62882024.0,3.8949999999999996,46.10389610389612,-0.10420182720289528,-0.1269275868232695
268,2024-08-29 04:00:00,3.83,3.97,3.76,3.94,45246776.0,3.8890000000000007,54.59770114942529,-0.096287872911335,-0.1207996440408826
269,2024-08-30 04:00:00,4.19,4.205,4.0,4.04,65991105.0,3.8884999999999996,57.6923076923077,-0.0810129756981599,-0.11284231037233808
270,2024-09-03 04:00:00,3.98,4.18,3.96,4.15,52928230.0,3.9015,57.22222222222223,-0.05934731006734628,-0.10214331031133972
271,2024-09-04 04:00:00,4.23,4.29,4.18,4.24,49161859.0,3.925,65.11627906976744,-0.03451697591138192,-0.08861804343134816
272,2024-09-05 04:00:00,4.41,4.85,4.27,4.85,110271882.0,3.9840000000000004,72.97297297297297,0.033991314107237436,-0.06409617192363104
273,2024-09-06 04:00:00,4.94,5.18,4.9,5.02,104906225.0,4.0440000000000005,73.56828193832598,0.10083978846248343,-0.031108979846408147
274,2024-09-09 04:00:00,4.88,5.61,4.76,5.57,125459108.0,4.1335,77.77777777777777,0.1959394217782755,0.014300700478528584
275,2024-09-10 04:00:00,5.43,5.5,5.32,5.48,58595025.0,4.2195,81.71206225680935,0.26103526643562436,0.06364761366994774
276,2024-09-11 04:00:00,5.51,5.66,5.43,5.6,51390475.0,4.305,81.5686274509804,0.31863417303114705,0.11464492554218761
277,2024-09-12 04:00:00,5.54,5.54,5.1,5.28,70867226.0,4.383,72.47386759581883,0.3346032973093367,0.15863659989561743
278,2024-09-13 04:00:00,5.22,5.57,5.19,5.55,64294419.0,4.468999999999999,74.09836065573771,0.36484003801379394,0.19987728751925274
279,2024-09-16 04:00:00,5.54,5.55,5.38,5.4,37580120.0,4.5415,71.74603174603176,0.3724062589302335,0.2343830818014489
280,2024-09-17 04:00:00,5.45,5.7,5.4,5.41,41732921.0,4.6085,72.52396166134187,0.3748879846176978,0.2624840623646987
281,2024-09-18 04:00:00,5.45,5.48,5.01,5.02,65049704.0,4.667,70.4968944099379,0.3414490177390146,0.2782770534395619
282,2024-09-19 04:00:00,5.25,5.4,4.97,5.4,93014331.0,4.7375,71.72619047619048,0.3416726303811961,0.2909561688278888
283,2024-09-20 04:00:00,5.34,5.54,5.21,5.28,53489081.0,4.8020000000000005,68.3431952662722,0.3283814707090462,0.29844122920412025
284,2024-09-23 04:00:00,5.2,5.555,5.05,5.32,66291849.0,4.864,67.6737160120846,0.317416813180051,0.3022363459993064
285,2024-09-24 04:00:00,5.76,5.96,5.61,5.94,116346140.0,4.9595,72.13541666666667,0.35466767337038085,0.3127226114735213
286,2024-09-25 04:00:00,5.7,5.84,5.565,5.65,72687376.0,5.042,61.363636363636374,0.3566771202617183,0.32151351323116073
287,2024-09-26 04:00:00,6.0,6.2,5.695,5.78,139473626.0,5.146,60.919540229885065,0.3645571470824329,0.3301222400014152
288,2024-09-27 04:00:00,6.01,6.66,5.99,6.52,180982054.0,5.275,62.94277929155313,0.4256077988982918,0.34921935178079055
289,2024-09-30 04:00:00,7.7,7.71,6.66,6.68,214406996.0,5.407,66.0427807486631,0.4813528075984861,0.3756460429443297
290,2024-10-01 04:00:00,6.9,7.08,6.44,7.03,146968869.0,5.551,68.01007556675064,0.5474623978040691,0.4100093139162776
291,2024-10-02 04:00:00,7.24,7.38,6.8202,7.21,135598126.0,5.6995000000000005,75.19582245430809,0.6073777474203617,0.44948300061709445
292,2024-10-03 04:00:00,6.86,6.99,6.67,6.7,99136027.0,5.792,64.12776412776412,0.6067145284881663,0.48092930619130886
293,2024-10-04 04:00:00,6.72,6.8,6.4,6.77,92195003.0,5.8795,67.16791979949873,0.604864832418917,0.5057164114368305
294,2024-10-07 04:00:00,6.81,6.93,6.56,6.79,78405035.0,5.9405,67.25,0.5981180354140188,0.5241967362322683
295,2024-10-08 04:00:00,6.26,6.4,6.11,6.24,82359219.0,5.9785,64.66346153846155,0.542141279522272,0.527785644890269
296,2024-10-09 04:00:00,6.08,6.45,5.9775,6.29,70071069.0,6.013,61.61879895561358,0.49609520263247386,0.52144755643871
297,2024-10-10 04:00:00,6.23,6.35,6.1301,6.22,47902284.0,6.0600000000000005,62.43386243386243,0.4487816642984992,0.5069143780106679
298,2024-10-11 04:00:00,6.06,6.3,6.03,6.24,42897918.0,6.094500000000001,62.23404255319149,0.40819377341805296,0.4871702570921449
299,2024-10-14 04:00:00,6.06,6.1799,5.76,5.79,80930082.0,6.114,47.9108635097493,0.3358449270197763,0.4569051910776712
300,2024-10-15 04:00:00,5.61,5.81,5.55,5.62,67585753.0,6.1245,49.56772334293947,0.2617728117274547,0.4178787152076279
301,2024-10-16 04:00:00,5.66,5.69,5.475,5.51,46932629.0,6.148999999999999,46.08695652173912,0.19198100844455368,0.3726991738550131
302,2024-10-17 04:00:00,5.36,5.36,5.05,5.15,74651603.0,6.1365,27.687296416938125,0.10639505420929485,0.31943834992586945
303,2024-10-18 04:00:00,5.46,5.49,5.18,5.22,66972487.0,6.1335,25.503355704697995,0.04371209799409925,0.2642930995395154
304,2024-10-21 04:00:00,5.09,5.27,5.0518,5.14,35255310.0,6.124499999999999,15.129151291512883,-0.012278390185830546,0.2089788015944462
305,2024-10-22 04:00:00,5.16,5.35,5.15,5.23,38285846.0,6.089,12.21374045801528,-0.04882616992582278,0.15741780729039243
306,2024-10-23 04:00:00,5.22,5.29,5.15,5.19,36170884.0,6.066,14.88372093023257,-0.08009492989389777,0.10991525985353438
307,2024-10-24 04:00:00,5.15,5.16,4.96,4.98,49328665.0,6.026000000000001,10.917030567685629,-0.12043262012650491,0.06384568385752654
308,2024-10-25 04:00:00,5.06,5.35,5.01,5.26,67917085.0,5.962999999999999,20.0,-0.1283275897375047,0.025411029138520294
309,2024-10-28 04:00:00,5.38,6.03,5.37,5.81,109992439.0,5.9195,41.56862745098038,-0.08917604068928497,0.002493615172959242
310,2024-10-29 04:00:00,5.9,5.905,5.59,5.6,64407147.0,5.848000000000001,37.269372693726936,-0.0742376357006318,-0.012852635001758967
311,2024-10-30 04:00:00,5.44,5.44,5.3,5.35,57415089.0,5.755,34.94809688581314,-0.08163076414883008,-0.02660826083117319
312,2024-10-31 04:00:00,5.3,5.31,5.05,5.1,50277419.0,5.675,31.730769230769212,-0.10643585607663386,-0.042573779880265325
313,2024-11-01 04:00:00,5.14,5.19,5.0,5.1,43951803.0,5.5915,37.07865168539325,-0.12465710068016556,-0.05899044404024537
314,2024-11-04 05:00:00,5.13,5.3,5.12,5.14,36745788.0,5.509,40.55118110236219,-0.13432152764099392,-0.07405666076039509
315,2024-11-05 05:00:00,5.28,5.38,5.22,5.28,32012097.0,5.461,45.525291828793776,-0.12919455129815471,-0.08508423886794703
316,2024-11-06 05:00:00,5.0,5.18,4.86,5.0,81290901.0,5.3965000000000005,46.9879518072289,-0.1460415692483732,-0.09727570494403226
317,2024-11-07 05:00:00,5.23,5.35,5.1301,5.31,56496051.0,5.351,51.64835164835165,-0.13284716371936067,-0.10438999669909794
318,2024-11-08 05:00:00,5.16,5.2,5.015,5.09,57885297.0,5.2935,49.12891986062718,-0.13854559626820429,-0.11122111661291922
319,2024-11-11 05:00:00,5.18,5.23,5.0,5.06,51270555.0,5.257,46.975088967971516,-0.14382447537321585,-0.11774178836497856
320,2024-11-12 05:00:00,4.88,4.88,4.58,4.58,86695677.0,5.205,40.615384615384606,-0.18461192224610912,-0.13111581514120468
321,2024-11-13 05:00:00,4.66,4.69,4.56,4.61,45111275.0,5.16,43.97394136807817,-0.21207089717790684,-0.14730683154854513
322,2024-11-14 05:00:00,4.57,4.65,4.43,4.43,39880863.0,5.1240000000000006,36.026936026936035,-0.2455265510740121,-0.1669507754536385
323,2024-11-15 05:00:00,4.44,4.51,4.36,4.49,46287426.0,5.0875,23.38709677419358,-0.26415389756157026,-0.18639139987522485
324,2024-11-18 05:00:00,4.605,4.75,4.55,4.67,47955673.0,5.064,31.020408163265316,-0.26137869725909724,-0.20138885935199935
325,2024-11-19 05:00:00,4.745,4.75,4.48,4.63,81563506.0,5.034,33.928571428571445,-0.2594166036060592,-0.21299440820281135
326,2024-11-20 05:00:00,4.41,4.84,4.31,4.65,92292297.0,5.007,38.80597014925375,-0.2533275945775406,-0.22106104547775723
327,2024-11-21 05:00:00,4.58,4.805,4.5,4.7,54962295.0,4.993,40.291262135922345,-0.24168147531499784,-0.22518513144520538
328,2024-11-22 05:00:00,4.6,4.92,4.59,4.84,66538413.0,4.9719999999999995,43.055555555555564,-0.21863472688633934,-0.22387505053343218
329,2024-11-25 05:00:00,4.79,4.86,4.64,4.67,54234921.0,4.915,36.07305936073058,-0.21164784732672004,-0.22142960989208976
330,2024-11-26 05:00:00,4.6,4.605,4.31,4.31,71245235.0,4.850499999999999,34.80176211453744,-0.2324798038275686,-0.22363964867918557
331,2024-11-27 05:00:00,4.44,4.45,4.28,4.38,45474476.0,4.802,27.093596059113324,-0.2405677491905971,-0.22702526878146786
332,2024-11-29 05:00:00,4.38,4.53,4.36,4.48,29218231.0,4.771,34.03141361256549,-0.23618573773210816,-0.22885736257159595
333,2024-12-02 05:00:00,4.49,4.61,4.36,4.4,40711242.0,4.736,33.16326530612248,-0.23644272889446505,-0.2303744358361698
334,2024-12-03 05:00:00,4.41,4.8299,4.4,4.64,79059846.0,4.711,51.744186046511615,-0.21480427206845398,-0.22726040308262663
335,2024-12-04 05:00:00,4.67,4.74,4.52,4.6,47932741.0,4.677,49.710982658959516,-0.1985940364119676,-0.22152712974849484
336,2024-12-05 05:00:00,4.65,4.77,4.6,4.61,86599497.0,4.6575,55.76923076923078,-0.18283280863082307,-0.2137882655249605
337,2024-12-06 05:00:00,4.7,4.71,4.56,4.61,44028266.0,4.6225000000000005,54.0,-0.16840070357572845,-0.2047107531351141
338,2024-12-09 05:00:00,4.94,5.36,4.93,5.18,123185728.0,4.627000000000001,63.49206349206348,-0.10970431695335314,-0.18570946589876194
339,2024-12-10 05:00:00,4.95,5.02,4.75,4.77,64769707.0,4.6125,53.09734513274336,-0.09517348051755103,-0.16760226882251977
340,2024-12-11 05:00:00,4.78,4.8,4.57,4.67,55104360.0,4.617,50.42735042735041,-0.09068153196508355,-0.15221812145103256
341,2024-12-12 05:00:00,4.6,4.6481,4.49,4.59,47028890.0,4.6160000000000005,47.679324894514764,-0.09251055766369021,-0.1402766086935641
342,2024-12-13 05:00:00,4.53,4.55,4.45,4.51,31903261.0,4.619999999999999,42.857142857142854,-0.09927107001828439,-0.13207550095850817
343,2024-12-16 05:00:00,4.47,4.57,4.4,4.42,36537694.0,4.6165,44.39461883408072,-0.11061596066626223,-0.127783592900059
344,2024-12-17 05:00:00,4.4,4.62,4.39,4.54,39286618.0,4.61,55.77889447236181,-0.10867117743414934,-0.12396110980687708
345,2024-12-18 05:00:00,4.55,4.565,4.28,4.32,45533851.0,4.5945,48.5981308411215,-0.12345892644108059,-0.12386067313371779
346,2024-12-19 05:00:00,4.4,4.51,4.37,4.4,27936436.0,4.582,48.11320754716981,-0.12725606396570122,-0.12453975130011449
347,2024-12-20 05:00:00,4.48,4.61,4.42,4.54,36765627.0,4.574,53.21100917431192,-0.11761272653951238,-0.12315434634799408
348,2024-12-23 05:00:00,4.5,4.5487,4.47,4.48,32756004.0,4.556,46.00000000000002,-0.11350341400857111,-0.12122415988010948
349,2024-12-24 05:00:00,4.51,4.68,4.51,4.62,24244377.0,4.5535000000000005,50.476190476190496,-0.09782228978622687,-0.11654378586133296
350,2024-12-26 05:00:00,4.63,4.83,4.605,4.69,33923427.0,4.5725,51.851851851851855,-0.07883767918711193,-0.10900256452648877
351,2024-12-27 05:00:00,4.64,4.65,4.48,4.48,41203574.0,4.577500000000001,47.257383966244724,-0.07981739818567224,-0.10316553125832546
352,2024-12-30 05:00:00,4.43,4.47,4.3301,4.38,36562585.0,4.5725,28.94736842105263,-0.08765259229353983,-0.10006294346536834
353,2024-12-31 05:00:00,4.43,4.56,4.35,4.36,39768431.0,4.5705,36.42384105960266,-0.09438782879066032,-0.09892792053042675
354,2025-01-02 05:00:00,4.42,4.73,4.36,4.55,63007712.0,4.566,46.24999999999999,-0.08343238355289806,-0.09582881313492102
355,2025-01-03 05:00:00,4.52,4.66,4.46,4.63,35597937.0,4.567500000000001,51.25000000000001,-0.06751649473638466,-0.09016634945521375
356,2025-01-06 05:00:00,4.765,4.91,4.67,4.71,53147601.0,4.5725,56.250000000000014,-0.04789559615095307,-0.08171219879436162
357,2025-01-07 05:00:00,4.63,4.68,4.45,4.51,61962000.0,4.567500000000001,52.631578947368425,-0.0479316944540944,-0.07495609792630817
358,2025-01-08 05:00:00,4.4,4.405,4.26,4.32,49570100.0,4.5245,43.82022471910113,-0.06257044162089631,-0.0724789666652258
359,2025-01-10 05:00:00,4.25,4.27,4.16,4.17,41732117.0,4.4945,45.61403508771929,-0.08529230402655674,-0.07504163413749199
360,2025-01-13 05:00:00,4.12,4.12,4.01,4.06,36105351.0,4.464,40.22988505747124,-0.11089726968311009,-0.08221276124661561
361,2025-01-14 05:00:00,4.14,4.195,4.02,4.08,32476614.0,4.4384999999999994,35.80246913580247,-0.12809891206721247,-0.09138999141073499
362,2025-01-15 05:00:00,4.11,4.14,4.02,4.1,32660968.0,4.418,37.97468354430377,-0.13852072405399163,-0.10081613793938633
363,2025-01-16 05:00:00,4.1,4.2,4.075,4.16,28870087.0,4.405,34.66666666666667,-0.14032105282934282,-0.10871712091737763
364,2025-01-17 05:00:00,4.21,4.42,4.19,4.36,50363581.0,4.396,39.87730061349693,-0.12417805055556563,-0.11180930684501524
365,2025-01-21 05:00:00,4.35,4.38,4.17,4.18,38457548.0,4.389,40.62499999999998,-0.12447423908117461,-0.11434229329224711
366,2025-01-22 05:00:00,4.17,4.36,4.13,4.28,39858962.0,4.383,46.875000000000014,-0.11531057779404641,-0.11453595019260698
367,2025-01-23 05:00:00,4.22,4.22,4.09,4.13,33087975.0,4.3625,43.35260115606937,-0.11878280239479633,-0.11538532063304487
368,2025-01-24 05:00:00,4.19,4.35,4.14,4.29,40544463.0,4.353,42.35294117647061,-0.10738602335100023,-0.11378546117663595
369,2025-01-27 05:00:00,4.32,4.42,4.25,4.27,51189523.0,4.3355,39.02439024390245,-0.09882859221012286,-0.11079408738333334
370,2025-01-28 05:00:00,4.27,4.33,4.17,4.32,37121668.0,4.317,37.888198757764016,-0.08700919639080151,-0.10603710918482698
371,2025-01-29 05:00:00,4.32,4.35,4.22,4.22,24440741.0,4.304,40.39735099337751,-0.08473463617462862,-0.1017766145827873
372,2025-01-30 05:00:00,4.27,4.47,4.27,4.44,49084863.0,4.307,53.89610389610389,-0.06443707889785966,-0.09430870744580179
373,2025-01-31 05:00:00,4.43,4.5,4.3,4.32,37501723.0,4.305,54.96688741721854,-0.05737275819500187,-0.08692151759564182
374,2025-02-03 05:00:00,4.17,4.385,4.1106,4.28,63162724.0,4.2915,57.638888888888886,-0.05437509658227846,-0.08041223339296916
375,2025-02-04 05:00:00,4.37,4.5,4.355,4.39,44232149.0,4.2795,60.13071895424833,-0.04263191330641458,-0.07285616937565824
376,2025-02-05 05:00:00,4.26,4.288,4.18,4.2,35838058.0,4.254,52.94117647058823,-0.04810227497567876,-0.06790539049566235
377,2025-02-06 05:00:00,4.24,4.3,4.16,4.2,31997703.0,4.2385,51.21951219512195,-0.05183999679660545,-0.06469231175585097
378,2025-02-07 05:00:00,4.28,4.33,4.19,4.24,37198198.0,4.2345,45.94594594594595,-0.050986758943524,-0.06195120119338558
379,2025-02-10 05:00:00,4.32,4.35,4.24,4.33,28705439.0,4.2425,55.39568345323742,-0.042557734882636034,-0.058072507931235674
380,2025-02-11 05:00:00,4.21,4.21,4.03,4.04,69228743.0,4.2415,42.40506329113924,-0.05860271335478817,-0.05817854901594618
381,2025-02-12 05:00:00,4.08,4.22,4.045,4.21,73192471.0,4.247999999999999,52.50000000000001,-0.056944474683628066,-0.057931734149482564
382,2025-02-13 05:00:00,4.165,4.29,4.16,4.26,51756293.0,4.256,48.993288590604024,-0.05100774097051275,-0.056546935513688605
383,2025-02-14 05:00:00,4.35,4.55,4.3201,4.44,54298979.0,4.27,55.15151515151517,-0.03141619471698309,-0.05152078735434751
384,2025-02-18 05:00:00,4.49,4.5,4.35,4.36,43222810.0,4.27,51.19047619047619,-0.0220904397352486,-0.04563471783052773
385,2025-02-19 05:00:00,4.4,4.52,4.37,4.39,74651811.0,4.2805,55.27950310559005,-0.012139031248303844,-0.038935580514082954
386,2025-02-20 05:00:00,4.45,4.52,4.3,4.37,39236353.0,4.285,47.517730496453886,-0.00579944874430538,-0.032308354160127443
387,2025-02-21 05:00:00,4.47,4.69,4.42,4.44,101148579.0,4.3005,54.41176470588237,0.004817596792949352,-0.02488316396951209
388,2025-02-24 05:00:00,4.44,4.46,4.35,4.36,37454211.0,4.304,52.85714285714286,0.006699127093728663,-0.01856670575686394
389,2025-02-25 05:00:00,4.46,4.5,4.25,4.27,49148682.0,4.304,45.65217391304348,0.0009174300120742274,-0.014669878603076305
390,2025-02-26 05:00:00,4.375,4.76,4.37,4.72,121742174.0,4.324,65.85365853658536,0.032274591215768034,-0.005280984639307438
391,2025-02-27 05:00:00,4.67,5.13,4.64,4.79,134805385.0,4.3525,67.25146198830407,0.062058411632158084,0.008186894614985667
392,2025-02-28 05:00:00,4.55,4.67,4.43,4.63,60898649.0,4.362,60.65573770491802,0.07192256253807994,0.02093402819960452
393,2025-03-03 05:00:00,4.49,4.56,4.2,4.23,80254548.0,4.3575,47.66355140186917,0.04692242364627486,0.026131707288938592
394,2025-03-04 05:00:00,4.18,4.3,4.1,4.22,41666786.0,4.3545,54.83870967741934,0.026002970968692196,0.026105960024889317
395,2025-03-05 05:00:00,4.32,4.42,4.27,4.35,48201121.0,4.352500000000001,53.84615384615383,0.019687126609119865,0.02482219334173543
396,2025-03-06 05:00:00,4.33,4.38,4.21,4.24,44428717.0,4.3545,49.46808510638299,0.005739532007071446,0.021005661074802635
397,2025-03-07 05:00:00,4.27,4.49,4.25,4.47,45986522.0,4.368,50.77720207253885,0.013094099974046536,0.01942334885465142
398,2025-03-10 04:00:00,4.39,4.68,4.385,4.46,66742341.0,4.379,52.688172043010745,0.017909284563853767,0.01912053599649189
399,2025-03-11 04:00:00,4.745,5.325,4.72,5.22,162169075.0,4.4235,66.02316602316603,0.08210455129872951,0.031717339056939416
400,2025-03-12 04:00:00,5.055,5.49,5.035,5.1,87317682.0,4.4765,63.56877323420073,0.12189167422435965,0.04975220609042347
401,2025-03-13 04:00:00,5.0,5.01,4.65,4.73,64246951.0,4.5025,54.8494983277592,0.12215917310655477,0.06423359949364973
402,2025-03-14 04:00:00,4.86,5.06,4.83,4.9,53619984.0,4.5344999999999995,58.76623376623377,0.13453787823526486,0.07829445524197276
403,2025-03-17 04:00:00,4.9,5.06,4.86,5.03,38063504.0,4.564,62.1794871794872,0.15307346911120323,0.09325025801581886
404,2025-03-18 04:00:00,5.275,5.33,5.06,5.19,79321141.0,4.6055,58.30388692579508,0.17861476146003152,0.11032315870466139
405,2025-03-19 04:00:00,5.2,5.25,5.1,5.17,38703280.0,4.6445,56.834532374100725,0.19499480804147673,0.12725748857202446
406,2025-03-20 04:00:00,4.98,4.98,4.7,4.71,79242712.0,4.6615,51.29870129870131,0.16891085812048345,0.13558816248171626
407,2025-03-21 04:00:00,4.48,4.62,4.36,4.5,82883030.0,4.6645,54.6712802768166,0.12979766820380334,0.1344300636261337
408,2025-03-24 04:00:00,4.4,4.48,4.34,4.38,59177993.0,4.6655,52.66666666666667,0.08810160581091875,0.12516437206309072
409,2025-03-25 04:00:00,4.33,4.48,4.3,4.39,38082057.0,4.6715,50.69444444444444,0.055227464553690986,0.11117699056121078
410,2025-03-26 04:00:00,4.37,4.42,4.18,4.22,62782003.0,4.6465000000000005,49.65986394557822,0.0152807445994112,0.09199774136885086
411,2025-03-27 04:00:00,3.9,4.03,3.88,3.98,156708255.0,4.606,41.69491525423729,-0.0353359817989487,0.06653099673529095
412,2025-03-28 04:00:00,3.895,3.925,3.73,3.75,78965070.0,4.562,38.801261829652994,-0.0929378502671927,0.03463722733479423
413,2025-03-31 04:00:00,3.67,3.85,3.57,3.81,64817620.0,4.541,21.457489878542503,-0.13222207370792827,0.0012653671262497293
414,2025-04-01 04:00:00,3.87,4.0,3.82,3.87,43177391.0,4.5235,24.481327800829888,-0.15670718240129133,-0.030329142779258488
415,2025-04-02 04:00:00,3.81,3.84,3.75,3.8,46021062.0,4.4959999999999996,27.962085308056857,-0.17968888086587764,-0.06020109039658232
416,2025-04-03 04:00:00,3.64,3.78,3.63,3.74,36666547.0,4.471,20.999999999999986,-0.20043307332826465,-0.08824748698291879
417,2025-04-04 04:00:00,3.5,3.57,3.2,3.46,77685612.0,4.4205,13.488372093023258,-0.23673769051870241,-0.11794552769007552
418,2025-04-07 04:00:00,3.195,3.545,3.18,3.36,73974832.0,4.3655,6.220095693779911,-0.2704608214739599,-0.14844858644685238
419,2025-04-08 04:00:00,3.39,3.41,3.02,3.14,78198009.0,4.2615,5.676855895196496,-0.31134976086655186,-0.1810288213307923
420,2025-04-09 04:00:00,3.09,3.36,3.04,3.31,78717703.0,4.172,14.999999999999986,-0.32627585570842266,-0.21007822820631838
421,2025-04-10 04:00:00,3.38,3.49,3.24,3.28,73432207.0,4.0995,16.483516483516468,-0.33664500858215707,-0.23539158428148613
422,2025-04-11 04:00:00,3.33,3.52,3.3,3.52,56524318.0,4.0305,27.835051546391753,-0.3217872792543748,-0.2526707232760639
423,2025-04-14 04:00:00,3.6,3.71,3.57,3.61,44128895.0,3.9595,30.69306930693071,-0.29930002944765777,-0.26199658451038266
424,2025-04-15 04:00:00,3.56,3.65,3.55,3.62,28866307.0,3.8810000000000002,33.8709677419355,-0.27747326644299175,-0.2650919208969045
425,2025-04-16 04:00:00,3.45,3.57,3.42,3.52,33469546.0,3.7984999999999998,36.6279069767442,-0.26518764566790587,-0.2651110658511048
426,2025-04-17 04:00:00,3.51,3.58,3.49,3.52,23168719.0,3.739,42.28187919463088,-0.2525400778735465,-0.26259686825559314
427,2025-04-21 04:00:00,3.54,3.61,3.48,3.6,28418971.0,3.694,43.04635761589404,-0.23337129879963436,-0.2567517543644014
428,2025-04-22 04:00:00,3.63,3.785,3.6111,3.75,38578028.0,3.6625,46.25,-0.20372771064999196,-0.24614694562151954
429,2025-04-23 04:00:00,3.83,3.99,3.82,3.93,46950459.0,3.6394999999999995,53.80116959064328,-0.16382201952819297,-0.22968196040285424
430,2025-04-24 04:00:00,3.94,4.2399,3.94,4.18,55103433.0,3.6375,61.578947368421034,-0.11074693936691782,-0.20589495619566694
431,2025-04-25 04:00:00,4.11,4.11,3.97,4.03,39696804.0,3.6399999999999997,66.10169491525426,-0.07986763793723561,-0.1806894925439807
432,2025-04-28 04:00:00,4.09,4.39,4.09,4.31,60350196.0,3.668,74.35897435897436,-0.03242809820814285,-0.15103721367681314
433,2025-04-29 04:00:00,4.35,4.44,4.18,4.24,45917535.0,3.6895,80.55555555555559,-0.00047486225847626073,-0.12092474339314577
434,2025-04-30 04:00:00,4.02,4.08,4.01,4.05,31596257.0,3.6985,70.32967032967034,0.009408440690789277,-0.09485810657635876
435,2025-05-01 04:00:00,4.1,4.11,3.9,3.93,41506783.0,3.7050000000000005,67.01570680628274,0.007471900942312981,-0.07439210507262442
436,2025-05-02 04:00:00,4.08,4.15,4.0,4.03,28201488.0,3.7195,64.40677966101697,0.013846727054563246,-0.056744338647186886
437,2025-05-05 04:00:00,4.01,4.02,3.94,3.98,24160581.0,3.7455,60.69364161849712,0.014694847489465257,-0.042456501419856456
438,2025-05-06 04:00:00,3.91,3.95,3.85,3.92,33405896.0,3.7735,58.42696629213483,0.010405541875904145,-0.031884092760704336
439,2025-05-07 04:00:00,3.85,3.91,3.82,3.84,28666196.0,3.8085,59.09090909090909,0.0005446267441864272,-0.025398348859726184
440,2025-05-08 04:00:00,3.91,3.9962,3.88,3.96,27945346.0,3.841,61.70212765957447,0.00238528153564177,-0.019841622780652594
441,2025-05-09 04:00:00,3.97,4.1,3.96,3.97,24093587.0,3.8755,60.22099447513813,0.004597928092643588,-0.014953712605993357
442,2025-05-12 04:00:00,4.23,4.27,4.09,4.2,44327878.0,3.9095,61.90476190476192,0.024626663394081927,-0.007037637405978301
443,2025-05-13 04:00:00,4.1,4.18,4.06,4.12,28022232.0,3.935,55.307262569832396,0.03365628035795476,0.001101146146808312
444,2025-05-14 04:00:00,4.16,4.22,4.11,4.13,25987914.0,3.9604999999999997,48.38709677419355,0.0411449400264261,0.00910990492273187
445,2025-05-15 04:00:00,4.06,4.08,3.96,3.99,29326621.0,3.9840000000000004,48.7012987012987,0.03537514415384457,0.014362952768954412
446,2025-05-16 04:00:00,4.08,4.12,4.03,4.1,25768193.0,4.013,42.33576642335766,0.03922644204109371,0.019335650623382272
447,2025-05-19 04:00:00,3.97,4.04,3.91,4.04,21902013.0,4.035,42.6470588235294,0.03701049090385489,0.022870618679476797
448,2025-05-20 04:00:00,3.99,4.03,3.96,3.96,22933879.0,4.0455,46.400000000000006,0.028470808492583988,0.023990656642098235
449,2025-05-21 04:00:00,3.99,4.06,3.92,3.94,38257046.0,4.045999999999999,50.43478260869564,0.019860278871302484,0.023164581087939087
450,2025-05-22 04:00:00,3.9,3.92,3.86,3.88,31969193.0,4.031000000000001,43.24324324324323,0.008101484679457371,0.020151961806242746
451,2025-05-23 04:00:00,3.81,3.83,3.74,3.82,29176425.0,4.0205,42.85714285714284,-0.005989895210785523,0.014923590402837092
452,2025-05-27 04:00:00,3.72,3.74,3.63,3.69,47263989.0,3.9894999999999996,40.33613445378151,-0.027332259566835937,0.006472420408902486
453,2025-05-28 04:00:00,3.675,3.75,3.65,3.67,27254135.0,3.961,42.47787610619469,-0.045337448055857266,-0.003889553284049464
454,2025-05-29 04:00:00,3.75,3.77,3.66,3.68,23229198.0,3.9425000000000003,36.27450980392157,-0.05812969034149118,-0.014737580695537808
455,2025-05-30 04:00:00,3.61,3.615,3.52,3.54,37431508.0,3.9229999999999996,31.30434782608694,-0.07865774694315286,-0.02752161394506082
456,2025-06-02 04:00:00,3.57,3.58,3.48,3.52,39573318.0,3.8975,13.829787234042513,-0.09544003918726762,-0.04110529899350218
457,2025-06-03 04:00:00,3.4,3.6,3.35,3.53,51344829.0,3.875,16.091954022988432,-0.10670320217981066,-0.05422487963076388
458,2025-06-04 04:00:00,3.61,3.915,3.56,3.75,72688767.0,3.8665,32.40740740740739,-0.09676176917191892,-0.06273225753899489
459,2025-06-05 04:00:00,3.665,3.68,3.55,3.62,37493167.0,3.8555,32.710280373831765,-0.09824056930337743,-0.0698339198918714
460,2025-06-06 04:00:00,3.585,3.7,3.565,3.63,31176770.0,3.8389999999999995,25.773195876288668,-0.09748190194992379,-0.07536351630348188
461,2025-06-09 04:00:00,3.63,3.702,3.6,3.6,23999804.0,3.8205,26.59574468085107,-0.09816976197841498,-0.0799247654384685
462,2025-06-10 04:00:00,3.65,3.81,3.63,3.81,40706658.0,3.8010000000000006,42.990654205607484,-0.08083780317477274,-0.08010737298572936
463,2025-06-11 04:00:00,3.85,3.895,3.74,3.74,31465405.0,3.782,41.071428571428584,-0.07192145022975671,-0.07847018843453483
464,2025-06-12 04:00:00,3.67,3.69,3.61,3.62,22556019.0,3.7565000000000004,38.98305084745763,-0.07368873552662691,-0.07751389785295325
465,2025-06-13 04:00:00,3.54,3.59,3.49,3.51,39274686.0,3.7324999999999995,37.39837398373984,-0.08300853186432677,-0.07861282465522795
466,2025-06-16 04:00:00,3.52,3.59,3.5133,3.52,21245988.0,3.7035000000000005,42.34234234234235,-0.08856667962902876,-0.08060359564998812
467,2025-06-17 04:00:00,3.505,3.52,3.44,3.44,23446450.0,3.6734999999999998,40.17094017094018,-0.0982938132950597,-0.08414163917900244
468,2025-06-18 04:00:00,3.46,3.48,3.42,3.42,25543085.0,3.6465000000000005,38.983050847457626,-0.10639007114400068,-0.08859132557200208
469,2025-06-20 04:00:00,3.455,3.47,3.4,3.41,23893541.0,3.62,43.80952380952382,-0.11231859143996292,-0.09333677874559425
470,2025-06-23 04:00:00,3.4,3.45,3.34,3.43,28943182.0,3.5974999999999993,45.71428571428573,-0.11408801798021884,-0.09748702659251918
471,2025-06-24 04:00:00,3.46,3.57,3.41,3.5,33481311.0,3.5814999999999997,48.64864864864865,-0.10859012688805203,-0.09970764665162575
472,2025-06-25 04:00:00,3.565,3.565,3.44,3.47,21509484.0,3.5705000000000005,34.78260869565217,-0.10543833042680362,-0.10085378340666133
473,2025-06-26 04:00:00,3.46,3.48,3.4,3.42,31146367.0,3.558,38.09523809523808,-0.10575600179845468,-0.10183422708502
474,2025-06-27 04:00:00,3.42,3.55,3.395,3.46,63720234.0,3.5469999999999997,40.22988505747127,-0.10160880983267218,-0.10178914363455044
475,2025-06-30 04:00:00,3.485,3.49,3.41,3.43,24598896.0,3.5415,40.22988505747127,-0.09959481259643033,-0.10135027742692643
476,2025-07-01 04:00:00,3.47,3.57,3.45,3.51,46064797.0,3.5409999999999995,29.729729729729712,-0.09050014453274846,-0.09918025084809085
477,2025-07-02 04:00:00,3.495,3.54,3.47,3.48,22912567.0,3.5385000000000004,31.428571428571402,-0.08473651406082983,-0.09629150349063866
478,2025-07-03 04:00:00,3.5,3.55,3.47,3.51,15645460.0,3.5265,40.98360655737701,-0.07686202848812052,-0.09240560849013503
479,2025-07-07 04:00:00,3.44,3.47,3.39,3.41,31339239.0,3.5160000000000005,41.66666666666668,-0.07779384715921012,-0.08948325622395005
480,2025-07-08 04:00:00,3.43,3.52,3.38,3.5,43515609.0,3.5095000000000005,48.52941176470588,-0.07045787777434676,-0.0856781805340294
481,2025-07-09 04:00:00,3.52,3.59,3.46,3.48,26907306.0,3.5035,53.22580645161291,-0.06550282623037251,-0.08164310967329802
482,2025-07-10 04:00:00,3.55,3.7,3.49,3.69,74015172.0,3.4974999999999996,66.66666666666671,-0.04412205563346561,-0.07413889886533154
483,2025-07-11 04:00:00,3.75,4.05,3.695,3.9,141527792.0,3.5055,74.25742574257428,-0.010115787437786405,-0.061334276579822516
484,2025-07-14 04:00:00,4.1097,4.22,4.02,4.17,122870667.0,3.533,79.3650793650794,0.03818104134729294,-0.04143121299439943
485,2025-07-15 04:00:00,4.25,4.28,4.13,4.25,66259185.0,3.5700000000000003,79.52755905511815,0.08196709191853957,-0.016751552011811634
486,2025-07-16 04:00:00,4.19,4.19,3.96,4.11,70104282.0,3.5995,73.18840579710147,0.10417021311346497,0.007432801013243687
487,2025-07-17 04:00:00,4.125,4.49,4.11,4.4,116140113.0,3.6475,80.24691358024695,0.14351259908540426,0.0346487606276758
488,2025-07-18 04:00:00,4.38,4.57,4.28,4.39,78373599.0,3.696,79.24528301886794,0.17190321374620643,0.062099651251381935
489,2025-07-21 04:00:00,4.475,4.67,4.46,4.52,58883963.0,3.7515,82.24852071005917,0.20255793219844476,0.09019130744079451
490,2025-07-22 04:00:00,4.645,5.09,4.635,5.01,133091936.0,3.8305000000000007,85.71428571428572,0.26335512833967556,0.12482407162057071
491,2025-07-23 04:00:00,5.19,5.21,4.87,4.92,108246456.0,3.9015,83.33333333333334,0.3008075739963134,0.16002077209571924
492,2025-07-24 04:00:00,4.92,4.945,4.7,4.83,63260351.0,3.969499999999999,79.72972972972974,0.31954316447947484,0.1919252505724704
493,2025-07-25 04:00:00,4.84,5.09,4.79,4.92,60712298.0,4.0445,84.16289592760181,0.3377600155477136,0.22109220356751907
494,2025-07-28 04:00:00,4.99,5.01,4.82,4.83,42322377.0,4.1129999999999995,80.09049773755656,0.34100387304507773,0.24507453746303082
495,2025-07-29 04:00:00,4.82,4.84,4.68,4.71,38397363.0,4.1770000000000005,76.62337662337661,0.33008662324335347,0.26207695461909536
496,2025-07-30 04:00:00,4.6,4.61,4.51,4.51,40824104.0,4.227,67.82608695652173,0.30181713552697875,0.27002499080067205
497,2025-07-31 04:00:00,4.68,4.98,4.46,4.87,131207095.0,4.2965,69.79591836734694,0.3049471136919051,0.27700941537891866
498,2025-08-01 04:00:00,4.74,5.06,4.73,5.01,81680862.0,4.3715,68.10344827586206,0.3150922861722103,0.284625989537577
499,2025-08-04 04:00:00,4.89,4.9,4.58,4.6,92178877.0,4.430999999999999,56.60377358490565,0.28674343513914735,0.2850494786578911
